<?xml version="1.0" encoding="UTF-8"?>
<!-- This package has been created with Moodle 3.4 (Build: 20171113) (2017111300) http://moodle.org/, Book module version 2017111300 - https://github.com/skodak/moodle-mod_book -->
<!-- One idea and implementation by Eloy Lafuente (stronk7) and Antonio Vicent (C) 2001-3001 -->
<manifest xmlns="http://www.imsglobal.org/xsd/imscp_v1p1" xmlns:imsmd="http://www.imsglobal.org/xsd/imsmd_v1p2" xmlns:xsi="http://www.w3.org/2001/XMLSchema-instance" identifier="MANIFEST-91396e6b2a8c294e996cab4c4fd5087f" xsi:schemaLocation="http://www.imsglobal.org/xsd/imscp_v1p1 imscp_v1p1.xsd http://www.imsglobal.org/xsd/imsmd_v1p2 imsmd_v1p2p2.xsd">
  <organizations default="MOODLE-6-4">
    <organization identifier="MOODLE-6-4" structure="hierarchical">
      <title>Symposium Gaming in het Onderwijs, Leren in een Virtuele Wereld; Den Haag, 17 september 2009</title>
        <item identifier="ITEM-6-4-1" isvisible="true" identifierref="RES-6-4-1">
         <title>Symposium Gaming in het Onderwijs, Leren in een Virtuele Wereld; Den Haag, 17 september 2009</title>
        </item>
        <item identifier="ITEM-6-4-2" isvisible="true" identifierref="RES-6-4-2">
         <title>Aanmelden</title>
        </item>
        <item identifier="ITEM-6-4-3" isvisible="true" identifierref="RES-6-4-3">
         <title>Programma</title>
        </item>
        <item identifier="ITEM-6-4-4" isvisible="true" identifierref="RES-6-4-4">
         <title>Verslag</title>
        </item>
        <item identifier="ITEM-6-4-5" isvisible="true" identifierref="RES-6-4-5">
         <title>Presentaties</title>
          <item identifier="ITEM-6-4-6" isvisible="true" identifierref="RES-6-4-6">
           <title>[GEANNULEERD] Leren in virtuele werelden: inspiratie in verbinding (Bert Mulder)</title>
          </item>
          <item identifier="ITEM-6-4-7" isvisible="true" identifierref="RES-6-4-7">
           <title>[HANDOUT] Effectief leren binnen virtuele werelden (Wilfred Rubens)</title>
          </item>
          <item identifier="ITEM-6-4-8" isvisible="true" identifierref="RES-6-4-8">
           <title>[HANDOUT] Het ontwerpen van games in het onderwijs (Renée Filius)</title>
          </item>
          <item identifier="ITEM-6-4-9" isvisible="true" identifierref="RES-6-4-9">
           <title>[HANDOUT] Onderwijservaringen met Cyberdam (Harald Warmelink)</title>
          </item>
        </item>
        <item identifier="ITEM-6-4-10" isvisible="true" identifierref="RES-6-4-10">
         <title>Posters</title>
        </item>
        <item identifier="ITEM-6-4-11" isvisible="true" identifierref="RES-6-4-11">
         <title>Workshops</title>
          <item identifier="ITEM-6-4-12" isvisible="true" identifierref="RES-6-4-12">
           <title>[HANDOUT] Ontwikkel een Cyberdam-game in één middag (Pieter van der Hijden, Diny Peters)</title>
          </item>
          <item identifier="ITEM-6-4-13" isvisible="true" identifierref="RES-6-4-13">
           <title>[HANDOUT] Game Gezondheidsplein en didactiek (Loe Jaklofsky en Herman de Bruine)</title>
          </item>
          <item identifier="ITEM-6-4-14" isvisible="true" identifierref="RES-6-4-14">
           <title>SIMPLE: transactional learning and simulation design (Paul Maharg)</title>
          </item>
          <item identifier="ITEM-6-4-15" isvisible="true" identifierref="RES-6-4-15">
           <title>[HANDOUT] Spelen van de Cyberdam game VISIE (Kees van Haaster en Marten Lemstra)</title>
          </item>
          <item identifier="ITEM-6-4-16" isvisible="true" identifierref="RES-6-4-16">
           <title>[GEANNULEERD] Kritische succesfactoren bij de implementatie van Cyberdam-games (Martin Gerrebrands)</title>
          </item>
          <item identifier="ITEM-6-4-17" isvisible="true" identifierref="RES-6-4-17">
           <title>[HANDOUT] Serious Games voor openbare orde en veiligheid (Steven Lohman en Steven van den Heuvel)</title>
          </item>
          <item identifier="ITEM-6-4-18" isvisible="true" identifierref="RES-6-4-18">
           <title>Workshop RechtenOnline: Recht-in-Beeld en CALI (Douwe Jan Koning, Janet Bijleveld, Peter de Graaf)</title>
          </item>
          <item identifier="ITEM-6-4-19" isvisible="true" identifierref="RES-6-4-19">
           <title>Workshop RechtenOnline: LawTube en JurInfo (Klaas Dijkhoff en Leo van der Wees)</title>
          </item>
        </item>
        <item identifier="ITEM-6-4-20" isvisible="true" identifierref="RES-6-4-20">
         <title>Afronding</title>
          <item identifier="ITEM-6-4-21" isvisible="true" identifierref="RES-6-4-21">
           <title>[HANDOUT] Het is niet vanzelfsprekend (Freddy Veltman-van Vugt)</title>
          </item>
        </item>
        <item identifier="ITEM-6-4-22" isvisible="true" identifierref="RES-6-4-22">
         <title>Locatie en routebeschrijving</title>
        </item>
        <item identifier="ITEM-6-4-23" isvisible="true" identifierref="RES-6-4-23">
         <title>Contact</title>
        </item>
    </organization>
  </organizations>
  <resources>
    <resource identifier="RES-6-4-1" type="webcontent" xml:base="1/" href="index.html">
      <file href="1/index.html" />
      <file href="1/resources/images/2009/congres/logo-cyberdam.png" />
      <file href="1/resources/images/2009/congres/logo-hhs-150.png" />
      <file href="1/resources/images/2009/congres/logo-rol-150.gif" />
      <file href="1/resources/images/2009/congres/logo-saganet-150.gif" />
      <dependency identifierref="RES-6-4-css" />
    </resource>
    <resource identifier="RES-6-4-2" type="webcontent" xml:base="2/" href="index.html">
      <file href="2/index.html" />
      <dependency identifierref="RES-6-4-css" />
    </resource>
    <resource identifier="RES-6-4-3" type="webcontent" xml:base="3/" href="index.html">
      <file href="3/index.html" />
      <dependency identifierref="RES-6-4-css" />
    </resource>
    <resource identifier="RES-6-4-4" type="webcontent" xml:base="4/" href="index.html">
      <file href="4/index.html" />
      <file href="4/resources/downloads/2009/seminar_17sep09/Terugblik_Symposium_Gaming_in_het_Onderwijs.pdf" />
      <dependency identifierref="RES-6-4-css" />
    </resource>
    <resource identifier="RES-6-4-5" type="webcontent" xml:base="5/" href="index.html">
      <file href="5/index.html" />
      <dependency identifierref="RES-6-4-css" />
    </resource>
    <resource identifier="RES-6-4-6" type="webcontent" xml:base="6/" href="index.html">
      <file href="6/index.html" />
      <file href="6/resources/images/2009/congres/bertmulder-150.jpg" />
      <dependency identifierref="RES-6-4-css" />
    </resource>
    <resource identifier="RES-6-4-7" type="webcontent" xml:base="7/" href="index.html">
      <file href="7/index.html" />
      <file href="7/resources/images/2009/congres/wilfedrubens-150.jpg" />
      <dependency identifierref="RES-6-4-css" />
    </resource>
    <resource identifier="RES-6-4-8" type="webcontent" xml:base="8/" href="index.html">
      <file href="8/index.html" />
      <file href="8/resources/downloads/2009/seminar_17sep09/serious_gaming_RFilius_seminar_170909.pdf" />
      <file href="8/resources/images/2009/congres/reneefilius-150.jpg" />
      <dependency identifierref="RES-6-4-css" />
    </resource>
    <resource identifier="RES-6-4-9" type="webcontent" xml:base="9/" href="index.html">
      <file href="9/index.html" />
      <file href="9/resources/downloads/2009/seminar_17sep09/Congrespresentatie_harald.ppt" />
      <file href="9/resources/images/2009/congres/HaraldWarmelink-150.jpg" />
      <dependency identifierref="RES-6-4-css" />
    </resource>
    <resource identifier="RES-6-4-10" type="webcontent" xml:base="10/" href="index.html">
      <file href="10/index.html" />
      <dependency identifierref="RES-6-4-css" />
    </resource>
    <resource identifier="RES-6-4-11" type="webcontent" xml:base="11/" href="index.html">
      <file href="11/index.html" />
      <dependency identifierref="RES-6-4-css" />
    </resource>
    <resource identifier="RES-6-4-12" type="webcontent" xml:base="12/" href="index.html">
      <file href="12/index.html" />
      <file href="12/resources/images/2009/congres/diny-150.jpg" />
      <file href="12/resources/images/2009/congres/pieter-150.jpg" />
      <dependency identifierref="RES-6-4-css" />
    </resource>
    <resource identifier="RES-6-4-13" type="webcontent" xml:base="13/" href="index.html">
      <file href="13/index.html" />
      <file href="13/resources/downloads/2009/seminar_17sep09/Presentatie_Gezondheidsplein_en_didactiek.ppt" />
      <file href="13/resources/images/2009/congres/hermandebruine-150.jpg" />
      <file href="13/resources/images/2009/congres/loejaklofski-150.jpg" />
      <dependency identifierref="RES-6-4-css" />
    </resource>
    <resource identifier="RES-6-4-14" type="webcontent" xml:base="14/" href="index.html">
      <file href="14/index.html" />
      <dependency identifierref="RES-6-4-css" />
    </resource>
    <resource identifier="RES-6-4-15" type="webcontent" xml:base="15/" href="index.html">
      <file href="15/index.html" />
      <file href="15/resources/downloads/2009/seminar_17sep09/vhaaster-lemstra.pps" />
      <file href="15/resources/images/2009/congres/keesvanhaaster-150.jpg" />
      <file href="15/resources/images/2009/congres/martenlemstra-150.jpg" />
      <dependency identifierref="RES-6-4-css" />
    </resource>
    <resource identifier="RES-6-4-16" type="webcontent" xml:base="16/" href="index.html">
      <file href="16/index.html" />
      <file href="16/resources/images/2009/congres/Martin_Gerrebrands-150.jpg" />
      <dependency identifierref="RES-6-4-css" />
    </resource>
    <resource identifier="RES-6-4-17" type="webcontent" xml:base="17/" href="index.html">
      <file href="17/index.html" />
      <file href="17/resources/downloads/2009/seminar_17sep09/2009.09_E-Semble_Presentation_kort_XVR_NLD_.pptx" />
      <dependency identifierref="RES-6-4-css" />
    </resource>
    <resource identifier="RES-6-4-18" type="webcontent" xml:base="18/" href="index.html">
      <file href="18/index.html" />
      <dependency identifierref="RES-6-4-css" />
    </resource>
    <resource identifier="RES-6-4-19" type="webcontent" xml:base="19/" href="index.html">
      <file href="19/index.html" />
      <dependency identifierref="RES-6-4-css" />
    </resource>
    <resource identifier="RES-6-4-20" type="webcontent" xml:base="20/" href="index.html">
      <file href="20/index.html" />
      <dependency identifierref="RES-6-4-css" />
    </resource>
    <resource identifier="RES-6-4-21" type="webcontent" xml:base="21/" href="index.html">
      <file href="21/index.html" />
      <file href="21/resources/downloads/2009/seminar_17sep09/Congres_HH_publicatie_versie.ppt" />
      <file href="21/resources/images/2009/congres/freddyveltman-150.jpg" />
      <dependency identifierref="RES-6-4-css" />
    </resource>
    <resource identifier="RES-6-4-22" type="webcontent" xml:base="22/" href="index.html">
      <file href="22/index.html" />
      <dependency identifierref="RES-6-4-css" />
    </resource>
    <resource identifier="RES-6-4-23" type="webcontent" xml:base="23/" href="index.html">
      <file href="23/index.html" />
      <dependency identifierref="RES-6-4-css" />
    </resource>
    <resource identifier="RES-6-4-css" type="webcontent" xml:base="css/" href="styles.css">
      <file href="css/styles.css" />
    </resource>
  </resources>
</manifest>
